{
 "axia_ft_sensor_visual": [
  0.4964705882352941,
  0.44000000000000006,
  0.312156862745098,
  1.0
 ],
 "base_visual": [
  0.6980392156862745,
  0.14074074074074072,
  0.4309368191721133,
  1.0
 ],
 "basler_cam_visual": [
  0.27137254901960783,
  0.27137254901960783,
  0.27137254901960783,
  1.0
 ],
 "cam_mount_visual": [
  0.8568627450980393,
  0.8568627450980393,
  0.8607843137254902,
  1.0
 ],
 "enclosure_visual": [
  0.20980392156862748,
  0.20980392156862748,
  0.21176470588235297,
  1.0
 ],
 "enclosure_walls_visual": [
  0.9,
  0.9,
  0.9,
  1.0
 ],
 "enclosurewalls_visual": [
  0.4,
  0.4,
  0.4,
  1.0
 ],
 "floor_visual": [
  0.3491847328111237,
  0.34557677717769847,
  0.3437897186653287,
  1.0
 ],
 "hande_base_visual": [
  0.4179271708683473,
  0.4235294117647059,
  0.4280112044817927,
  1.0
 ],
 "hande_finger_visual": [
  0.8,
  0.8,
  0.8,
  1.0
 ],
 "lc_mount_visual": [
  0.03333333333333333,
  0.03333333333333333,
  0.03137254901960784,
  1.0
 ],
 "lc_plug_visual": [
  0.7934184763945786,
  0.7684719723813674,
  0.746394042407765,
  1.0
 ],
 "light_visual": [
  0.4,
  0.4,
  0.4,
  1.0
 ],
 "nic_card_mount_visual": [
  0.03333333333333333,
  0.03333333333333333,
  0.03137254901960784,
  1.0
 ],
 "nic_card_visual": [
  0.3026565087958363,
  0.4228918968929962,
  0.35710904488636275,
  1.0
 ],
 "sc_mount_visual": [
  0.758578431372549,
  0.158578431372549,
  0.45784313725490183,
  1.0
 ],
 "sc_plug_visual": [
  0.775102007155325,
  0.7384462482788983,
  0.6753304488518659,
  1.0
 ],
 "sc_port_visual": [
  0.03709109451256546,
  0.058665414721358056,
  0.07110103679638283,
  1.0
 ],
 "sfp_module_visual": [
  0.6262349356235501,
  0.6199472249958297,
  0.5968852755259162,
  1.0
 ],
 "sfp_mount_visual": [
  0.03333333333333333,
  0.03333333333333333,
  0.03137254901960784,
  1.0
 ],
 "walls_visual": [
  0.2926470588235294,
  0.2926470588235294,
  0.2926470588235294,
  1.0
 ]
}